"Kod";"Nazwa";"razem;2002;[-]";"razem;2003;[-]";"razem;2004;[-]";"razem;2005;[-]";"razem;2006;[-]";"razem;2007;[-]";"razem;2008;[-]";"razem;2009;[-]";"razem;2010;[-]";"razem;2011;[-]";"razem;2012;[-]";"razem;2013;[-]";"razem;2014;[-]";"razem;2015;[-]";"razem;2016;[-]";"razem;2017;[-]";"razem;2018;[-]";
0000000;"POLSKA";359486;365230;363522;368285;369686;377226;379399;384940;378478;375501;384788;387312;376467;394921;388009;402852;414200;
0200000;"DOLNOŚLĄSKIE";27456;27962;28402;28603;29082;29815;30464;30872;29721;29396;30446;30498;29910;31540;30566;32038;32991;
0201000;"Powiat bolesławiecki";753;759;780;819;744;810;818;873;818;758;901;828;816;870;889;921;956;
0202000;"Powiat dzierżoniowski";1116;1155;1125;1209;1142;1194;1257;1330;1228;1191;1235;1286;1193;1299;1236;1329;1294;
0203000;"Powiat głogowski";634;642;649;634;652;734;673;667;666;694;739;750;717;730;785;796;855;
0204000;"Powiat górowski";342;367;328;331;337;371;320;415;372;351;357;367;335;411;384;395;409;
0205000;"Powiat jaworski";544;517;525;496;556;568;539;611;530;526;579;563;543;622;566;610;584;
0206000;"Powiat jeleniogórski";614;646;687;720;686;663;800;785;753;740;725;751;709;744;804;792;883;
0207000;"Powiat kamiennogórski";491;509;499;515;496;519;544;517;492;500;539;542;532;555;477;515;555;
0208000;"Powiat kłodzki";1881;1887;1907;1930;1890;2023;1976;1979;1997;1964;1980;1983;1932;2054;2015;2049;2073;
0209000;"Powiat legnicki";511;559;537;593;533;527;543;535;601;540;653;613;594;567;589;613;629;
0210000;"Powiat lubański";564;589;588;635;603;602;645;678;542;636;587;653;636;590;575;649;676;
0211000;"Powiat lubiński";733;763;709;787;828;821;825;834;861;840;949;971;880;955;980;1034;1046;
0212000;"Powiat lwówecki";575;552;563;554;603;552;598;553;517;525;516;564;533;543;524;547;549;
0213000;"Powiat milicki";326;327;348;329;317;369;359;369;381;355;341;346;365;397;362;356;414;
0214000;"Powiat oleśnicki";850;872;892;889;945;906;954;1012;967;952;976;1006;927;959;983;1046;1050;
0215000;"Powiat oławski";552;598;591;595;539;653;639;660;649;682;622;629;667;665;675;735;703;
0216000;"Powiat polkowicki";477;470;511;489;498;474;519;535;570;504;537;528;544;603;596;620;637;
0217000;"Powiat strzeliński";460;435;461;452;453;483;482;501;457;481;500;487;473;522;490;510;504;
0218000;"Powiat średzki";470;442;453;520;541;552;528;524;504;529;491;486;463;550;492;548;555;
0219000;"Powiat świdnicki";1562;1569;1610;1557;1602;1738;1792;1669;1665;1601;1758;1715;1774;1743;1718;1761;1847;
0220000;"Powiat trzebnicki";700;711;727;743;743;764;786;792;779;708;756;771;739;751;718;843;855;
0221000;"Powiat wałbrzyski";639;2160;2332;2207;2351;2345;2363;2275;2292;2265;2343;704;708;771;729;724;763;
0222000;"Powiat wołowski";458;492;478;454;481;502;544;495;469;561;503;510;470;577;491;488;531;
0223000;"Powiat wrocławski";830;893;879;893;852;969;998;929;924;922;982;922;945;989;1040;1030;1167;
0224000;"Powiat ząbkowicki";800;817;772;769;764;741;829;774;808;772;806;823;781;834;840;867;870;
0225000;"Powiat zgorzelecki";944;939;988;992;1008;976;1021;1014;964;943;1003;996;1063;1081;1041;1102;1161;
0226000;"Powiat złotoryjski";470;455;405;435;492;481;481;543;417;457;464;489;412;504;447;459;462;
0261000;"Powiat m.Jelenia Góra";908;875;951;912;1023;944;968;1049;1052;1005;1021;1012;985;991;1004;1062;1079;
0262000;"Powiat m.Legnica";987;972;1003;1053;999;1063;1121;1078;1049;1073;1096;1103;1092;1155;1059;1137;1190;
0263000;"Powiat m.Wałbrzych do 2002";1505;;;;;;;;;;;;;;;;;
0264000;"Powiat m.Wrocław";5760;5990;6104;6091;6404;6471;6542;6876;6397;6321;6487;6501;6506;6896;6460;6892;7084;
0265000;"Powiat m.Wałbrzych od 2013";;;;;;;;;;;;1599;1576;1612;1597;1608;1610;
0400000;"KUJAWSKO-POMORSKIE";19036;19241;19129;19411;19622;20327;20027;20389;20453;19663;20436;20485;20028;20523;20525;21252;22629;
0401000;"Powiat aleksandrowski";611;592;636;657;589;630;609;626;612;636;640;598;641;628;649;612;733;
0402000;"Powiat brodnicki";707;716;685;735;680;729;744;759;758;693;709;693;676;773;745;710;821;
0403000;"Powiat bydgoski";723;701;760;763;729;794;849;799;811;795;818;862;788;819;837;942;975;
0404000;"Powiat chełmiński";479;461;467;497;509;536;477;518;503;456;480;504;501;491;485;509;510;
0405000;"Powiat golubsko-dobrzyński";390;405;368;405;408;410;379;445;423;432;451;437;387;421;440;427;492;
0406000;"Powiat grudziądzki";376;377;361;372;339;350;358;353;311;357;353;347;344;371;356;339;385;
0407000;"Powiat inowrocławski";1515;1507;1603;1621;1612;1667;1668;1657;1686;1670;1674;1631;1687;1653;1701;1745;1921;
0408000;"Powiat lipnowski";677;642;673;673;734;678;650;712;715;695;678;682;677;686;666;732;770;
0409000;"Powiat mogileński";449;496;475;452;475;505;424;458;431;493;412;481;464;424;451;458;477;
0410000;"Powiat nakielski";698;738;708;731;758;775;836;730;762;698;751;753;695;758;741;781;869;
0411000;"Powiat radziejowski";451;467;462;430;469;506;455;471;521;475;474;428;458;436;453;460;500;
0412000;"Powiat rypiński";462;452;445;459;459;472;464;502;468;423;453;476;440;511;447;506;507;
0413000;"Powiat sępoleński";343;350;357;359;330;381;371;389;370;371;358;391;358;395;389;358;437;
0414000;"Powiat świecki";853;918;879;876;911;935;864;935;904;892;937;909;888;947;1015;1030;986;
0415000;"Powiat toruński";758;740;739;691;758;790;830;784;866;736;801;817;778;822;892;924;961;
0416000;"Powiat tucholski";451;480;471;421;435;413;412;413;434;416;417;445;413;397;424;442;478;
0417000;"Powiat wąbrzeski";312;331;295;360;345;364;340;341;374;301;361;375;344;301;325;355;349;
0418000;"Powiat włocławski";945;913;927;945;957;1000;943;975;961;897;990;937;914;936;903;973;935;
0419000;"Powiat żniński";647;634;585;633;656;657;615;700;629;669;698;691;675;685;688;716;763;
0461000;"Powiat m.Bydgoszcz";3442;3552;3514;3450;3556;3588;3697;3740;3720;3559;3775;3777;3680;3714;3700;3864;4115;
0462000;"Powiat m.Grudziądz";1016;981;942;988;1033;1051;1103;1007;1093;1005;1053;1103;1013;1082;1091;1111;1262;
0463000;"Powiat m.Toruń";1663;1760;1661;1786;1721;1879;1747;1852;1855;1812;1903;1891;1921;1910;1915;1959;2022;
0464000;"Powiat m.Włocławek";1068;1028;1116;1107;1159;1217;1192;1223;1246;1182;1250;1257;1286;1363;1212;1299;1361;
0600000;"LUBELSKIE";22731;22807;22797;23182;22678;23322;23428;23703;23037;22981;22562;22849;22107;22816;22284;23427;23682;
0601000;"Powiat bialski";1390;1369;1417;1410;1411;1396;1349;1442;1358;1374;1299;1371;1273;1273;1257;1296;1355;
0602000;"Powiat biłgorajski";1032;1023;1068;1077;1069;1061;1057;1164;1016;1101;1037;1032;1008;1050;1067;1063;1094;
0603000;"Powiat chełmski";1019;961;930;1006;1085;1036;1062;1056;1031;999;968;982;912;986;952;994;950;
0604000;"Powiat hrubieszowski";850;837;788;794;784;835;850;864;816;827;792;843;783;764;783;855;811;
0605000;"Powiat janowski";539;564;482;622;512;556;577;617;555;545;497;546;536;585;515;512;532;
0606000;"Powiat krasnostawski";1064;1059;1127;1060;944;981;950;937;920;909;851;907;897;921;803;891;852;
0607000;"Powiat kraśnicki";1110;1122;1047;1069;1069;1149;1079;1088;1088;1028;1016;1034;1072;1112;1035;1103;1096;
0608000;"Powiat lubartowski";1020;1039;1043;1030;1032;971;1133;1083;1081;1044;1057;1074;981;1013;950;1052;1008;
0609000;"Powiat lubelski";1519;1543;1523;1559;1479;1572;1627;1527;1430;1518;1529;1566;1481;1481;1454;1480;1529;
0610000;"Powiat łęczyński";450;512;499;515;460;522;515;509;472;480;469;464;486;473;434;536;522;
0611000;"Powiat łukowski";1025;1118;1035;1077;1104;1135;1081;1072;1130;1048;1121;1086;1087;1112;1077;1118;1133;
0612000;"Powiat opolski";781;746;807;735;752;752;757;790;735;755;752;763;717;821;712;735;762;
0613000;"Powiat parczewski";456;455;422;453;405;438;462;438;397;419;399;423;444;429;422;438;455;
0614000;"Powiat puławski";1153;1192;1201;1222;1174;1213;1256;1298;1268;1211;1273;1307;1165;1272;1318;1264;1260;
0615000;"Powiat radzyński";692;666;663;658;668;696;716;672;704;702;652;682;649;683;619;699;737;
0616000;"Powiat rycki";652;627;646;590;615;633;679;672;663;661;650;609;589;650;606;668;680;
0617000;"Powiat świdnicki";658;684;740;738;691;731;744;717;796;775;759;655;721;699;756;759;793;
0618000;"Powiat tomaszowski";970;1004;936;1042;940;1019;956;1026;976;1013;1002;944;934;986;947;993;993;
0619000;"Powiat włodawski";451;484;475;447;462;482;474;509;490;465;442;463;436;437;471;452;476;
0620000;"Powiat zamojski";1429;1413;1492;1388;1386;1423;1402;1438;1379;1331;1352;1347;1240;1227;1269;1311;1336;
0661000;"Powiat m.Biała Podlaska";433;466;375;417;413;441;405;410;409;408;409;464;434;421;432;457;495;
0662000;"Powiat m.Chełm";586;548;577;613;593;575;574;604;648;609;567;630;588;615;622;662;671;
0663000;"Powiat m.Lublin";3001;2906;3025;3196;3115;3219;3255;3258;3201;3263;3170;3136;3158;3258;3272;3538;3559;
0664000;"Powiat m.Zamość";451;469;479;464;515;486;468;512;474;496;499;521;516;548;511;551;583;
0800000;"LUBUSKIE";8646;9026;8925;9135;9275;9452;9572;9780;9488;9648;9607;10046;9553;10156;9955;10285;10981;
0801000;"Powiat gorzowski";533;537;545;532;567;571;590;607;614;603;576;582;603;642;628;644;753;
0802000;"Powiat krośnieński";512;540;525;552;572;523;534;596;555;566;566;572;583;592;542;586;584;
0803000;"Powiat międzyrzecki";523;481;529;534;568;547;575;550;532;556;549;580;537;590;562;535;592;
0804000;"Powiat nowosolski";749;810;783;784;781;796;888;897;825;871;859;919;846;888;884;905;959;
0805000;"Powiat słubicki";343;402;385;403;468;428;406;449;407;436;455;470;448;432;450;449;465;
0806000;"Powiat strzelecko-drezdenecki";440;485;425;510;477;497;511;484;499;457;503;532;503;491;536;550;578;
0807000;"Powiat sulęciński";310;363;356;354;386;377;369;382;401;383;345;363;385;384;402;385;402;
0808000;"Powiat świebodziński";508;575;587;556;498;549;558;564;546;539;541;544;517;558;521;600;618;
0809000;"Powiat zielonogórski";648;756;741;765;750;789;802;713;793;807;800;849;824;714;679;765;719;
0810000;"Powiat żagański";839;834;820;798;760;934;822;832;810;844;824;938;876;873;933;918;981;
0811000;"Powiat żarski";991;976;1013;954;978;995;1036;1030;1015;986;974;1021;963;1042;1025;1014;1161;
0812000;"Powiat wschowski";317;337;312;333;352;390;338;383;339;385;317;362;348;414;351;362;405;
0861000;"Powiat m.Gorzów Wielkopolski";968;978;978;1060;1075;1069;1073;1154;1040;1106;1162;1203;1084;1226;1186;1233;1394;
0862000;"Powiat m.Zielona Góra";965;952;926;1000;1043;987;1070;1139;1112;1109;1136;1111;1036;1310;1256;1339;1370;
1000000;"ŁÓDZKIE";30589;30868;30463;31273;31343;32000;31498;31916;31221;30816;31352;31251;29727;31125;30213;31172;31589;
1001000;"Powiat bełchatowski";917;938;927;992;935;987;983;1032;990;938;1002;1071;948;1070;1022;1032;1034;
1002000;"Powiat kutnowski";1285;1289;1264;1404;1349;1409;1341;1357;1363;1325;1317;1287;1161;1272;1265;1313;1420;
1003000;"Powiat łaski";538;587;550;624;576;574;557;600;595;628;566;592;601;629;576;595;599;
1004000;"Powiat łęczycki";701;691;707;730;692;754;724;706;702;642;711;677;689;647;629;659;695;
1005000;"Powiat łowicki";1024;958;982;970;942;986;999;1001;973;937;1075;1001;923;959;924;1017;988;
1006000;"Powiat łódzki wschodni";740;701;694;696;730;771;721;729;771;719;740;760;728;694;739;761;793;
1007000;"Powiat opoczyński";824;896;870;867;864;853;874;857;868;891;941;918;773;903;809;911;914;
1008000;"Powiat pabianicki";1458;1455;1365;1400;1448;1442;1494;1472;1475;1466;1465;1452;1418;1477;1413;1506;1545;
1009000;"Powiat pajęczański";587;651;597;624;584;622;602;644;610;590;644;604;604;635;599;591;603;
1010000;"Powiat piotrkowski";1053;1141;1133;1075;1082;1125;1134;1150;1126;1054;1030;1079;1085;1086;1054;1038;1062;
1011000;"Powiat poddębicki";586;567;519;553;582;629;586;593;499;584;565;549;471;540;533;524;540;
1012000;"Powiat radomszczański";1419;1419;1373;1429;1353;1466;1414;1468;1502;1409;1390;1396;1351;1425;1465;1436;1453;
1013000;"Powiat rawski";483;524;517;557;498;504;535;575;570;490;583;529;550;567;522;576;574;
1014000;"Powiat sieradzki";1309;1303;1303;1336;1278;1325;1297;1419;1339;1284;1413;1428;1314;1280;1275;1423;1395;
1015000;"Powiat skierniewicki";491;458;495;455;481;480;471;519;502;486;479;502;473;454;465;450;478;
1016000;"Powiat tomaszowski";1459;1452;1414;1468;1451;1456;1434;1477;1450;1478;1473;1480;1441;1454;1415;1450;1516;
1017000;"Powiat wieluński";813;872;889;880;899;879;926;913;914;806;900;862;886;924;871;912;900;
1018000;"Powiat wieruszowski";512;502;493;501;468;504;485;464;474;472;452;440;403;444;465;457;442;
1019000;"Powiat zduńskowolski";640;670;731;716;703;775;745;753;685;701;717;695;694;752;784;801;760;
1020000;"Powiat zgierski";1840;1752;1768;1878;1908;1958;1878;1914;1946;1957;2033;1983;1821;1958;1942;1935;2007;
1021000;"Powiat brzeziński";357;423;357;369;367;411;361;390;346;343;357;385;370;372;370;374;387;
1061000;"Powiat m.Łódź";10356;10343;10290;10525;10842;10860;10686;10592;10171;10369;10255;10325;9813;10186;9663;10055;10014;
1062000;"Powiat m.Piotrków Trybunalski";793;847;816;796;887;804;816;872;898;803;848;779;790;926;925;909;974;
1063000;"Powiat m.Skierniewice";404;429;409;428;424;426;435;419;452;444;396;457;420;471;488;447;496;
1200000;"MAŁOPOLSKIE";27807;28716;28223;28965;28697;29430;29727;29840;29633;29727;30588;30277;29611;31384;30716;31852;32467;
1201000;"Powiat bocheński";901;840;858;891;872;875;888;958;863;864;914;906;915;914;929;907;902;
1202000;"Powiat brzeski";736;793;701;784;763;826;767;804;782;796;820;803;737;809;843;834;840;
1203000;"Powiat chrzanowski";1190;1224;1224;1229;1180;1315;1337;1318;1323;1278;1366;1374;1303;1347;1390;1355;1441;
1204000;"Powiat dąbrowski";501;566;493;475;516;513;513;545;574;534;546;513;563;572;564;566;568;
1205000;"Powiat gorlicki";955;861;996;917;955;874;968;954;941;973;936;1036;953;1026;1020;1014;1029;
1206000;"Powiat krakowski";2203;2384;2318;2388;2254;2407;2371;2385;2389;2500;2435;2405;2313;2534;2423;2586;2514;
1207000;"Powiat limanowski";906;982;911;925;977;971;967;963;995;1013;1026;992;1049;1047;1013;1071;1038;
1208000;"Powiat miechowski";657;676;722;682;658;645;698;732;621;682;689;654;624;655;611;649;684;
1209000;"Powiat myślenicki";896;926;884;931;928;950;1000;981;984;926;986;952;1001;1035;1042;1063;1029;
1210000;"Powiat nowosądecki";1453;1488;1461;1439;1451;1501;1584;1520;1559;1541;1593;1561;1596;1506;1633;1620;1700;
1211000;"Powiat nowotarski";1318;1355;1316;1373;1343;1349;1416;1351;1441;1422;1418;1502;1421;1505;1589;1515;1602;
1212000;"Powiat olkuski";1071;1081;1076;1069;1111;1107;1101;1073;1153;1097;1125;1148;1178;1165;1152;1288;1295;
1213000;"Powiat oświęcimski";1298;1330;1295;1366;1376;1382;1382;1414;1405;1481;1615;1516;1479;1620;1507;1626;1646;
1214000;"Powiat proszowicki";486;512;505;537;475;493;459;503;521;471;508;498;451;490;484;490;485;
1215000;"Powiat suski";743;804;773;726;759;773;808;785;778;809;892;804;764;911;835;806;931;
1216000;"Powiat tarnowski";1512;1597;1477;1588;1605;1642;1693;1673;1645;1697;1639;1660;1629;1722;1700;1740;1717;
1217000;"Powiat tatrzański";526;598;639;649;603;650;635;633;603;584;620;610;608;652;642;629;624;
1218000;"Powiat wadowicki";1275;1250;1367;1332;1356;1333;1334;1421;1375;1454;1455;1409;1366;1446;1482;1569;1646;
1219000;"Powiat wielicki";947;954;883;961;915;947;958;996;967;974;947;970;923;1043;1003;1028;1061;
1261000;"Powiat m.Kraków";6644;6839;6738;7026;6919;7167;7115;7198;7081;6995;7334;7173;7061;7598;7151;7663;7835;
1262000;"Powiat m.Nowy Sącz";620;622;628;631;639;604;691;653;630;633;702;766;695;706;741;760;738;
1263000;"Powiat m.Tarnów";969;1034;958;1046;1042;1106;1042;980;1003;1003;1022;1025;982;1081;962;1073;1142;
1400000;"MAZOWIECKIE";51080;52533;51307;51743;52092;52840;53248;54630;53389;53080;54454;54260;53494;55030;54867;57237;58725;
1401000;"Powiat białobrzeski";348;420;348;354;365;382;362;372;376;362;370;379;367;420;363;347;387;
1402000;"Powiat ciechanowski";875;831;867;927;917;923;937;1028;945;971;937;949;986;920;907;965;1003;
1403000;"Powiat garwoliński";1036;1122;1063;1122;1062;1117;1046;1147;1122;1094;1107;1160;1032;1043;1089;1070;1102;
1404000;"Powiat gostyniński";493;495;503;485;488;508;535;511;512;515;508;477;535;501;549;550;545;
1405000;"Powiat grodziski";797;824;775;783;798;820;856;859;815;834;893;799;891;848;876;906;971;
1406000;"Powiat grójecki";1246;1144;1062;1120;1105;1136;1148;1102;1043;1135;1174;1105;1088;1140;1110;1150;1192;
1407000;"Powiat kozienicki";641;666;666;660;656;587;692;690;646;651;691;679;755;691;709;681;666;
1408000;"Powiat legionowski";688;716;772;783;787;783;819;861;800;837;775;825;847;930;880;1047;1055;
1409000;"Powiat lipski";512;555;542;496;485;510;459;567;496;471;488;477;501;513;503;472;477;
1410000;"Powiat łosicki";376;404;418;380;386;413;392;431;419;424;416;410;378;385;396;392;414;
1411000;"Powiat makowski";596;546;540;501;535;530;519;583;522;560;560;532;511;537;531;562;606;
1412000;"Powiat miński";1381;1444;1375;1417;1481;1457;1524;1508;1554;1523;1477;1460;1341;1512;1474;1558;1572;
1413000;"Powiat mławski";750;807;799;747;808;802;806;834;783;886;806;890;834;846;751;924;884;
1414000;"Powiat nowodworski";761;714;720;735;722;808;825;721;736;739;752;789;787;790;808;802;936;
1415000;"Powiat ostrołęcki";809;861;863;773;901;845;822;876;905;887;852;794;811;898;782;923;840;
1416000;"Powiat ostrowski";769;835;776;827;810;803;815;823;779;809;824;801;769;832;826;825;848;
1417000;"Powiat otwocki";1193;1272;1076;1193;1088;1132;1147;1185;1138;1171;1117;1154;1201;1267;1249;1308;1322;
1418000;"Powiat piaseczyński";1174;1305;1229;1137;1229;1322;1299;1240;1268;1305;1349;1273;1362;1302;1456;1571;1679;
1419000;"Powiat płocki";1129;1144;1186;1179;1146;1205;1219;1194;1204;1127;1169;1189;1175;1214;1151;1188;1271;
1420000;"Powiat płoński";938;982;943;1035;994;1005;1029;1057;1034;1004;1028;1056;1019;1031;1066;1028;1017;
1421000;"Powiat pruszkowski";1334;1244;1233;1306;1318;1301;1370;1413;1424;1320;1345;1374;1363;1509;1457;1599;1607;
1422000;"Powiat przasnyski";598;583;604;564;572;630;656;640;589;569;614;574;552;570;597;536;563;
1423000;"Powiat przysuski";472;570;496;486;489;507;537;558;611;544;557;530;517;494;516;525;559;
1424000;"Powiat pułtuski";544;579;546;543;541;544;550;602;565;522;541;564;576;549;544;588;605;
1425000;"Powiat radomski";1323;1390;1337;1292;1381;1402;1395;1405;1437;1370;1379;1496;1411;1453;1475;1508;1472;
1426000;"Powiat siedlecki";904;904;915;920;913;969;903;939;881;905;898;932;894;844;846;914;882;
1427000;"Powiat sierpecki";528;620;594;552;572;605;574;657;622;528;622;572;560;568;616;609;650;
1428000;"Powiat sochaczewski";810;903;842;834;878;891;950;873;881;970;884;826;919;948;906;902;916;
1429000;"Powiat sokołowski";730;713;728;747;708;671;686;754;753;699;741;711;641;670;689;684;685;
1430000;"Powiat szydłowiecki";400;437;404;393;399;464;427;431;486;433;463;430;405;438;412;460;450;
1432000;"Powiat warszawski zachodni";849;851;841;826;865;901;883;950;878;937;969;916;1000;967;1022;1068;1139;
1433000;"Powiat węgrowski";760;790;698;772;761;814;798;838;813;812;787;716;757;809;767;828;785;
1434000;"Powiat wołomiński";1706;1727;1771;1796;1852;1883;1868;1826;1865;1808;1935;1834;1935;1990;1977;2203;2194;
1435000;"Powiat wyszkowski";617;661;669;653;653;679;669;703;680;723;712;687;661;720;672;808;780;
1436000;"Powiat zwoleński";418;467;422;492;477;470;434;455;423;451;473;431;402;434;430;426;467;
1437000;"Powiat żuromiński";410;458;400;451;424;449;435;432;430;426;428;467;442;439;448;465;512;
1438000;"Powiat żyrardowski";862;861;863;862;932;850;832;917;905;893;837;851;877;871;875;958;985;
1461000;"Powiat m.Ostrołęka";340;356;353;360;377;375;412;383;373;373;348;367;413;375;440;447;454;
1462000;"Powiat m.Płock";1052;1002;1027;1041;1149;1172;1180;1189;1182;1116;1265;1191;1220;1209;1259;1265;1360;
1463000;"Powiat m.Radom";2012;1994;2012;2019;2143;2152;2086;2259;2228;2241;2277;2269;2210;2309;2273;2388;2510;
1464000;"Powiat m.Siedlce";529;520;565;567;562;581;557;605;598;549;626;602;590;652;658;669;690;
1465000;"Powiat m. st. Warszawa";17370;17816;17464;17613;17363;17442;17795;18212;17668;17586;18460;18722;17959;18592;18512;19118;19673;
1600000;"OPOLSKIE";9288;9450;9192;9471;9421;9622;9809;9718;9882;9719;10180;10267;9808;10468;10006;10880;10707;
1601000;"Powiat brzeski";855;847;817;825;854;897;905;901;951;888;955;906;904;956;1011;1054;961;
1602000;"Powiat głubczycki";556;571;533;562;592;562;543;583;602;543;572;592;528;601;573;630;580;
1603000;"Powiat kędzierzyńsko-kozielski";965;900;868;903;859;932;913;1033;962;951;1021;995;1009;1051;988;1035;1131;
1604000;"Powiat kluczborski";616;659;632;625;682;640;690;661;668;667;676;673;659;679;695;761;717;
1605000;"Powiat krapkowicki";528;526;486;532;536;547;613;545;599;562;612;616;609;637;560;671;673;
1606000;"Powiat namysłowski";425;433;399;408;431;453;399;399;424;445;498;449;465;451;429;469;469;
1607000;"Powiat nyski";1298;1420;1317;1450;1400;1408;1517;1423;1471;1473;1459;1511;1462;1613;1464;1599;1653;
1608000;"Powiat oleski";669;705;636;667;615;649;638;648;629;622;652;672;640;622;664;761;678;
1609000;"Powiat opolski";1058;1082;1088;1078;1081;1093;1131;1130;1176;1159;1200;1148;1117;1231;1161;1170;1174;
1610000;"Powiat prudnicki";622;605;634;646;638;672;664;647;626;645;634;729;627;685;638;676;666;
1611000;"Powiat strzelecki";699;697;733;712;681;707;717;688;713;706;720;781;702;796;736;807;739;
1661000;"Powiat m.Opole";997;1005;1049;1063;1052;1062;1079;1060;1061;1058;1181;1195;1086;1146;1087;1247;1266;
1800000;"PODKARPACKIE";17970;17921;17965;18289;17563;17910;18225;18675;18288;18214;18402;18593;18361;19419;19103;19327;19636;
1801000;"Powiat bieszczadzki";157;141;182;198;164;192;205;195;193;171;183;190;192;219;204;188;196;
1802000;"Powiat brzozowski";624;601;627;635;579;621;590;559;626;618;610;631;573;636;614;604;635;
1803000;"Powiat dębicki";1038;981;1050;1052;1026;1048;1058;1061;1072;1063;1075;1102;1052;1138;1164;1169;1185;
1804000;"Powiat jarosławski";1117;1100;1087;1154;1126;1120;1154;1131;1168;1131;1108;1106;1096;1147;1093;1173;1145;
1805000;"Powiat jasielski";1085;1013;1037;1011;1019;1042;1064;1084;1059;1024;1076;1029;1009;1104;1090;1096;1090;
1806000;"Powiat kolbuszowski";494;501;495;507;496;496;512;526;503;537;561;512;511;572;545;565;534;
1807000;"Powiat krośnieński";1029;1033;1016;1092;1021;946;978;1020;966;1050;1077;1027;966;1045;996;1068;1058;
1808000;"Powiat leżajski";563;568;558;559;553;597;604;591;616;578;584;600;591;639;604;591;640;
1809000;"Powiat lubaczowski";483;521;561;569;550;524;570;563;548;615;574;567;557;641;554;579;612;
1810000;"Powiat łańcucki";712;749;693;730;729;694;726;696;690;704;720;717;694;711;731;771;736;
1811000;"Powiat mielecki";1059;1052;1056;1016;1010;1038;1032;1106;1115;1028;1093;1134;1194;1243;1186;1205;1255;
1812000;"Powiat niżański";587;620;603;631;610;574;575;625;591;600;613;615;566;606;617;612;642;
1813000;"Powiat przemyski";720;685;712;710;625;669;673;695;657;654;677;677;616;636;669;682;660;
1814000;"Powiat przeworski";777;758;783;786;735;727;818;838;769;804;764;742;764;768;734;763;787;
1815000;"Powiat ropczycko-sędziszowski";647;550;542;580;582;576;585;590;597;578;591;624;593;605;634;632;693;
1816000;"Powiat rzeszowski";1499;1567;1485;1522;1405;1503;1466;1572;1432;1432;1417;1442;1461;1556;1411;1482;1470;
1817000;"Powiat sanocki";758;816;742;813;718;799;769;794;784;770;747;795;818;863;832;830;845;
1818000;"Powiat stalowowolski";888;915;885;907;954;978;960;936;910;900;887;961;975;964;1037;1039;975;
1819000;"Powiat strzyżowski";621;628;603;620;553;571;572;618;584;556;626;583;601;562;631;630;606;
1820000;"Powiat tarnobrzeski";460;446;508;447;463;432;468;457;468;473;466;500;501;464;534;472;524;
1821000;"Powiat leski";190;181;215;212;190;208;204;187;207;199;231;236;190;240;243;226;261;
1861000;"Powiat m.Krosno";361;392;411;386;378;390;394;396;391;379;415;385;425;436;402;404;438;
1862000;"Powiat m.Przemyśl";649;647;664;677;637;673;619;639;628;628;601;638;660;721;679;683;705;
1863000;"Powiat m.Rzeszów";1149;1117;1135;1141;1099;1146;1264;1438;1326;1337;1312;1398;1351;1489;1464;1455;1494;
1864000;"Powiat m.Tarnobrzeg";303;339;315;334;341;346;365;358;388;385;394;382;405;414;435;408;450;
2000000;"PODLASKIE";11439;11735;11728;11854;11879;11742;11641;12165;11814;11647;11856;12152;11850;12302;12271;12526;12969;
2001000;"Powiat augustowski";614;606;565;581;566;611;607;624;591;570;600;661;563;602;654;624;640;
2002000;"Powiat białostocki";1474;1581;1498;1452;1513;1447;1395;1554;1438;1385;1486;1505;1479;1532;1570;1518;1575;
2003000;"Powiat bielski";769;699;727;734;754;735;755;753;786;789;751;726;740;794;781;843;838;
2004000;"Powiat grajewski";439;472;450;479;455;462;472;475;492;476;465;469;432;466;446;481;508;
2005000;"Powiat hajnowski";759;646;681;731;690;742;640;706;746;716;731;723;706;702;736;752;761;
2006000;"Powiat kolneński";368;365;377;394;396;388;392;384;410;382;368;445;389;402;379;399;423;
2007000;"Powiat łomżyński";528;585;590;566;538;556;552;593;533;574;587;546;569;539;542;592;583;
2008000;"Powiat moniecki";486;511;471;492;484;444;437;529;481;504;508;490;487;476;440;466;518;
2009000;"Powiat sejneński";201;232;220;212;268;250;235;240;236;228;213;231;255;231;255;264;247;
2010000;"Powiat siemiatycki";604;649;631;605;591;646;616;637;610;587;584;615;595;627;615;575;628;
2011000;"Powiat sokólski";901;923;926;950;879;871;900;894;860;853;851;810;862;950;894;900;950;
2012000;"Powiat suwalski";357;352;348;362;378;374;356;386;333;316;365;359;329;354;404;384;363;
2013000;"Powiat wysokomazowiecki";612;673;709;692;738;662;649;745;640;658;664;697;636;686;663;677;633;
2014000;"Powiat zambrowski";344;401;411;403;427;399;425;436;404;383;427;414;429;440;438;412;475;
2061000;"Powiat m.Białystok";2192;2162;2263;2312;2248;2223;2297;2283;2316;2292;2306;2450;2409;2476;2430;2577;2700;
2062000;"Powiat m.Łomża";360;408;397;430;451;441;465;438;460;415;480;461;431;487;479;489;527;
2063000;"Powiat m.Suwałki";431;470;464;459;503;491;448;488;478;519;470;550;539;538;545;573;600;
2200000;"POMORSKIE";17893;18090;18306;18503;18766;19566;19574;19656;19319;19332;20473;20084;20126;21035;21145;21650;22395;
2201000;"Powiat bytowski";570;559;576;618;557;568;636;604;583;590;600;603;571;622;685;687;696;
2202000;"Powiat chojnicki";685;700;704;704;733;830;775;842;775;698;838;772;767;832;767;852;851;
2203000;"Powiat człuchowski";425;439;480;485;460;495;457;482;537;513;555;474;526;541;503;533;553;
2204000;"Powiat gdański";514;549;568;587;592;580;660;616;602;591;683;655;655;699;717;753;743;
2205000;"Powiat kartuski";677;709;673;723;705;739;737;750;795;761;864;778;746;859;888;933;960;
2206000;"Powiat kościerski";492;496;506;501;526;563;577;544;516;542;554;591;569;628;597;576;631;
2207000;"Powiat kwidzyński";629;657;627;631;684;662;674;693;715;694;686;712;693;770;739;791;778;
2208000;"Powiat lęborski";479;528;491;509;530;577;578;550;574;569;600;563;569;557;625;621;647;
2209000;"Powiat malborski";566;593;553;609;595;567;640;591;556;591;632;667;602;647;637;639;601;
2210000;"Powiat nowodworski";322;307;343;371;341;338;348;334;353;329;339;366;351;330;357;355;378;
2211000;"Powiat pucki";508;534;580;513;550;601;590;626;595;539;612;606;643;641;666;699;682;
2212000;"Powiat słupski";747;752;721;792;803;812;776;849;820;857;863;861;873;887;899;953;967;
2213000;"Powiat starogardzki";988;993;963;1012;1023;1094;1093;1096;1031;1142;1143;1088;1148;1130;1105;1056;1169;
2214000;"Powiat tczewski";1000;932;929;997;952;976;984;1044;1027;1064;1083;1047;1044;1152;1095;1078;1137;
2215000;"Powiat wejherowski";1242;1215;1282;1211;1255;1335;1400;1410;1396;1384;1438;1381;1426;1457;1612;1572;1788;
2216000;"Powiat sztumski";342;340;324;356;392;383;342;358;377;346;392;360;342;361;358;413;403;
2261000;"Powiat m.Gdańsk";4285;4288;4415;4199;4395;4590;4502;4441;4354;4331;4614;4662;4621;4881;4825;4956;5363;
2262000;"Powiat m.Gdynia";2105;2169;2220;2294;2235;2405;2435;2382;2301;2416;2438;2438;2478;2519;2583;2739;2569;
2263000;"Powiat m.Słupsk";823;841;875;917;946;967;903;950;926;881;1030;979;1013;1007;1026;1028;1021;
2264000;"Powiat m.Sopot";494;489;476;474;492;484;467;494;486;494;509;481;489;515;461;416;458;
2400000;"ŚLĄSKIE";44766;45575;45591;46315;46336;47736;48016;48573;47719;47709;49028;49156;47831;50421;48958;51404;52159;
2401000;"Powiat będziński";1791;1925;1916;1827;1946;1890;1936;1962;1857;1825;1983;2003;1782;1952;1856;1964;1984;
2402000;"Powiat bielski";1254;1360;1281;1296;1275;1336;1316;1390;1414;1430;1479;1380;1366;1504;1528;1548;1600;
2403000;"Powiat cieszyński";1515;1548;1487;1545;1580;1608;1594;1747;1655;1712;1695;1677;1576;1769;1802;1924;1943;
2404000;"Powiat częstochowski";1533;1526;1503;1575;1528;1613;1650;1600;1656;1533;1549;1555;1501;1573;1574;1680;1648;
2405000;"Powiat gliwicki";1025;987;1093;1052;1083;1072;1132;1206;1100;1091;1121;1075;1170;1148;1134;1106;1262;
2406000;"Powiat kłobucki";839;869;848;787;836;956;895;895;886;820;875;944;895;967;922;927;975;
2407000;"Powiat lubliniecki";674;731;713;712;641;711;698;791;739;741;742;746;711;777;813;837;793;
2408000;"Powiat mikołowski";818;867;840;823;797;796;850;847;847;873;865;836;940;913;915;993;1009;
2409000;"Powiat myszkowski";833;832;784;883;810;871;840;871;846;777;809;841;784;865;841;877;898;
2410000;"Powiat pszczyński";764;709;760;728;764;782;828;828;837;792;891;901;862;914;912;912;910;
2411000;"Powiat raciborski";923;970;936;974;979;1048;1042;1017;1032;970;1092;1089;1053;1086;1059;1121;1234;
2412000;"Powiat rybnicki";638;637;656;653;664;698;714;701;641;682;767;716;774;757;734;727;729;
2413000;"Powiat tarnogórski";1209;1206;1255;1224;1314;1298;1338;1370;1235;1334;1305;1377;1386;1402;1310;1424;1484;
2414000;"Powiat bieruńsko-lędziński";416;400;448;455;482;453;459;464;487;419;469;446;472;495;515;509;516;
2415000;"Powiat wodzisławski";1351;1392;1377;1373;1425;1455;1535;1497;1546;1561;1602;1666;1527;1696;1556;1651;1738;
2416000;"Powiat zawierciański";1503;1559;1455;1530;1567;1544;1645;1566;1520;1540;1610;1593;1542;1582;1545;1636;1582;
2417000;"Powiat żywiecki";1471;1523;1435;1598;1461;1492;1611;1634;1551;1568;1562;1535;1547;1637;1635;1685;1720;
2461000;"Powiat m.Bielsko-Biała";1590;1632;1497;1600;1504;1724;1602;1698;1706;1688;1733;1698;1798;1791;1736;1913;1865;
2462000;"Powiat m.Bytom";1849;1849;1908;2046;1982;2120;1983;2031;2041;2002;2124;2094;1998;2155;2046;2140;2123;
2463000;"Powiat m.Chorzów";1482;1534;1518;1517;1478;1504;1512;1495;1400;1478;1481;1530;1457;1502;1364;1502;1559;
2464000;"Powiat m.Częstochowa";2615;2608;2633;2758;2667;2777;2724;2640;2737;2688;2703;2814;2739;2750;2814;2926;2972;
2465000;"Powiat m.Dąbrowa Górnicza";1249;1298;1310;1391;1349;1398;1435;1406;1331;1460;1429;1326;1363;1438;1344;1508;1456;
2466000;"Powiat m.Gliwice";1810;1816;1832;1868;1793;1923;1980;1891;1930;1964;1967;1994;1903;2014;1906;2060;2125;
2467000;"Powiat m.Jastrzębie-Zdrój";629;653;635;625;692;680;687;727;694;712;795;790;742;850;832;877;912;
2468000;"Powiat m.Jaworzno";867;913;927;931;931;934;961;967;1007;989;971;1030;1055;1079;1041;1091;1130;
2469000;"Powiat m.Katowice";3518;3447;3546;3553;3496;3572;3566;3615;3604;3619;3605;3612;3422;3626;3499;3743;3609;
2470000;"Powiat m.Mysłowice";636;669;717;673;729;764;746;793;726;703;758;732;768;725;750;755;815;
2471000;"Powiat m.Piekary Śląskie";644;683;655;652;611;651;672;670;608;683;686;598;644;704;672;669;701;
2472000;"Powiat m.Ruda Śląska";1543;1535;1495;1579;1614;1625;1615;1641;1600;1567;1608;1582;1563;1725;1580;1710;1585;
2473000;"Powiat m.Rybnik";1136;1136;1303;1126;1159;1252;1185;1218;1189;1240;1274;1373;1274;1381;1284;1293;1408;
2474000;"Powiat m.Siemianowice Śląskie";781;788;742;771;852;864;852;908;833;788;811;875;791;852;810;816;851;
2475000;"Powiat m.Sosnowiec";2324;2392;2382;2412;2581;2498;2573;2599;2576;2536;2632;2744;2530;2601;2572;2622;2596;
2476000;"Powiat m.Świętochłowice";610;602;645;642;623;632;587;644;654;640;622;640;600;701;610;549;666;
2477000;"Powiat m.Tychy";977;940;973;991;1003;1100;1112;1083;1114;1147;1206;1143;1140;1211;1173;1324;1381;
2478000;"Powiat m.Zabrze";1666;1681;1717;1808;1757;1715;1765;1752;1688;1739;1780;1796;1715;1767;1821;1894;1893;
2479000;"Powiat m.Żory";283;358;369;337;363;380;376;409;432;398;427;405;441;512;453;491;487;
2600000;"ŚWIĘTOKRZYSKIE";13479;13653;13349;13620;13803;13709;13891;13797;14006;13725;13957;14193;13627;14409;13948;14330;14619;
2601000;"Powiat buski";885;944;891;924;933;936;924;913;966;948;931;913;867;941;862;891;883;
2602000;"Powiat jędrzejowski";1095;1090;1107;1062;1069;984;1022;1037;1044;1012;1013;1000;1039;1058;976;1000;1043;
2603000;"Powiat kazimierski";529;521;466;500;515;500;532;442;492;457;470;475;413;473;435;431;412;
2604000;"Powiat kielecki";1789;1814;1772;1838;1856;1893;1995;1855;1926;1914;1958;2009;1888;2001;1912;2003;2029;
2605000;"Powiat konecki";978;978;895;976;958;984;988;989;919;985;961;977;917;1010;988;1017;990;
2606000;"Powiat opatowski";722;799;789;681;696;725;745;745;745;678;710;740;728;708;674;682;779;
2607000;"Powiat ostrowiecki";1280;1197;1153;1209;1281;1263;1270;1244;1311;1307;1310;1284;1272;1370;1350;1379;1415;
2608000;"Powiat pińczowski";556;542;468;544;535;506;538;533;571;564;504;572;549;542;479;554;500;
2609000;"Powiat sandomierski";881;934;875;909;840;889;847;961;961;911;969;920;870;875;889;956;998;
2610000;"Powiat skarżyski";801;825;830;968;917;953;960;872;846;848;869;940;883;921;972;978;1006;
2611000;"Powiat starachowicki";965;958;998;951;1069;1023;1006;1053;1012;1001;1020;1060;1046;1086;1040;1083;1106;
2612000;"Powiat staszowski";795;754;755;832;816;800;776;771;753;788;819;792;710;789;771;773;770;
2613000;"Powiat włoszczowski";517;577;563;522;601;505;534;580;597;528;510;562;529;592;562;567;554;
2661000;"Powiat m.Kielce";1686;1720;1787;1704;1717;1748;1754;1802;1863;1784;1913;1949;1916;2043;2038;2016;2134;
2800000;"WARMIŃSKO-MAZURSKIE";11998;12025;12272;12420;12600;12920;12811;13187;12942;12940;13415;13923;13098;13858;14078;14423;14973;
2801000;"Powiat bartoszycki";572;558;576;562;582;618;647;627;579;609;572;692;589;676;665;622;673;
2802000;"Powiat braniewski";393;378;414;390;415;405;400;437;417;408;418;439;429;425;436;420;431;
2803000;"Powiat działdowski";598;527;564;571;644;598;586;596;591;624;634;651;610;637;656;679;758;
2804000;"Powiat elbląski";470;492;541;529;530;563;557;565;551;533;538;558;547;532;537;548;614;
2805000;"Powiat ełcki";720;662;710;657;697;733;676;711;665;706;686;768;681;792;778;834;825;
2806000;"Powiat giżycki";506;514;547;545;549;517;568;556;530;569;518;545;562;553;614;660;626;
2807000;"Powiat iławski";690;697;717;720;727;737;726;765;773;764;851;816;773;814;857;900;882;
2808000;"Powiat kętrzyński";689;670;663;669;670;698;716;742;655;689;664;758;702;721;699;811;745;
2809000;"Powiat lidzbarski";442;435;409;454;461;449;439;407;434;424;476;482;430;428;462;456;447;
2810000;"Powiat mrągowski";396;409;409;386;430;408;427;443;424;433;442;469;464;481;533;498;489;
2811000;"Powiat nidzicki";309;278;313;298;322;328;345;336;329;297;352;359;293;333;346;350;364;
2812000;"Powiat nowomiejski";424;380;379;365;349;397;414;409;414;367;431;405;385;393;418;437;456;
2813000;"Powiat olecki";292;307;313;316;314;336;315;301;321;320;341;329;329;333;358;330;356;
2814000;"Powiat olsztyński";924;957;947;997;1005;996;950;1047;998;1025;968;1061;1013;1100;1087;1169;1194;
2815000;"Powiat ostródzki";871;933;844;928;890;960;919;1012;1013;949;1040;1088;1048;1068;1076;1086;1203;
2816000;"Powiat piski";457;467;428;435;464;491;511;512;506;537;547;548;477;520;515;532;578;
2817000;"Powiat szczycieński";540;611;649;598;567;626;594;680;627;595;667;686;647;681;648;700;768;
2818000;"Powiat gołdapski";213;235;223;251;225;264;245;221;270;214;260;268;243;256;261;256;249;
2819000;"Powiat węgorzewski";255;220;236;219;267;241;255;256;236;245;274;215;227;278;268;259;290;
2861000;"Powiat m.Elbląg";1074;1084;1218;1202;1235;1233;1202;1197;1214;1222;1281;1301;1203;1322;1310;1340;1370;
2862000;"Powiat m.Olsztyn";1163;1211;1172;1328;1257;1322;1319;1367;1395;1410;1455;1485;1446;1515;1554;1536;1655;
3000000;"WIELKOPOLSKIE";30471;30724;30624;30234;30872;31017;31147;31668;31037;30755;31536;32292;31057;33169;32327;33261;35121;
3001000;"Powiat chodzieski";414;427;476;419;436;451;378;477;446;443;440;465;464;486;503;474;453;
3002000;"Powiat czarnkowsko-trzcianecki";772;814;852;804;790;748;854;832;781;806;825;857;793;899;908;893;878;
3003000;"Powiat gnieźnieński";1208;1247;1296;1274;1271;1232;1247;1222;1269;1202;1335;1307;1289;1384;1306;1417;1484;
3004000;"Powiat gostyński";676;677;701;670;693;663;737;693;675;706;720;744;718;704;711;755;801;
3005000;"Powiat grodziski";428;445;448;426;471;437;424;465;437;445;391;441;393;456;429;461;488;
3006000;"Powiat jarociński";622;651;639;639;627;674;611;676;647;683;668;664;642;707;703;689;774;
3007000;"Powiat kaliski";832;807;835;806;824;850;820;848;806;789;790;844;766;851;771;819;859;
3008000;"Powiat kępiński";501;512;526;517;482;494;473;522;478;523;537;514;498;550;491;574;554;
3009000;"Powiat kolski";971;1007;949;984;961;947;914;965;921;939;933;954;980;996;951;934;996;
3010000;"Powiat koniński";1058;1073;1105;1070;1113;1084;1101;1175;1166;1143;1073;1145;1085;1160;1131;1176;1239;
3011000;"Powiat kościański";700;678;680;727;703;663;715;752;730;701;728;737;739;721;746;835;805;
3012000;"Powiat krotoszyński";750;736;742;685;701;764;782;759;711;722;767;753;705;774;745;772;785;
3013000;"Powiat leszczyński";409;371;422;421;404;428;433;448;418;448;409;412;408;427;451;466;500;
3014000;"Powiat międzychodzki";396;383;324;394;356;348;364;364;368;352;360;368;301;383;353;352;362;
3015000;"Powiat nowotomyski";669;673;691;637;664;660;640;645;628;631;572;656;639;679;644;693;736;
3016000;"Powiat obornicki";505;473;482;457;523;511;484;505;455;455;470;528;494;516;526;596;565;
3017000;"Powiat ostrowski";1489;1457;1472;1485;1435;1452;1395;1428;1437;1491;1457;1494;1383;1617;1501;1599;1698;
3018000;"Powiat ostrzeszowski";583;537;512;560;511;547;535;548;558;554;588;554;523;570;548;568;587;
3019000;"Powiat pilski";1082;1113;1138;1132;1217;1168;1198;1250;1157;1205;1230;1223;1277;1347;1279;1278;1380;
3020000;"Powiat pleszewski";606;573;621;578;614;596;587;593;551;574;580;657;598;621;642;629;641;
3021000;"Powiat poznański";2163;2173;2131;2161;2284;2250;2294;2240;2292;2315;2424;2493;2441;2531;2574;2667;2961;
3022000;"Powiat rawicki";566;558;571;540;564;550;572;613;536;519;531;540;537;603;569;597;610;
3023000;"Powiat słupecki";546;523;456;546;550;577;605;574;543;585;581;566;495;582;604;573;656;
3024000;"Powiat szamotulski";820;794;771;779;828;796;812;835;799;829;804;782;803;833;845;850;953;
3025000;"Powiat średzki";445;475;468;490;448;499;518;532;466;506;482;526;509;490;527;509;587;
3026000;"Powiat śremski";460;491;502;433;510;485;521;531;553;470;562;555;541;558;529;557;557;
3027000;"Powiat turecki";825;860;829;835;833;805;883;846;846;788;871;803;778;858;875;835;867;
3028000;"Powiat wągrowiecki";582;648;585;552;601;637;601;614;630;595;611;660;631;642;665;628;703;
3029000;"Powiat wolsztyński";451;470;453;469;460;497;467;477;485;466;473;490;418;477;485;526;507;
3030000;"Powiat wrzesiński";666;679;690;629;626;689;661;677;662;623;643;724;681;712;673;700;811;
3031000;"Powiat złotowski";525;603;594;585;597;602;559;628;578;594;592;667;582;684;628;668;737;
3061000;"Powiat m.Kalisz";1138;1059;1034;1081;1075;1161;1104;1202;1124;1080;1177;1195;1156;1238;1127;1229;1302;
3062000;"Powiat m.Konin";595;597;579;599;598;646;614;648;656;668;680;686;689;747;719;719;813;
3063000;"Powiat m.Leszno";467;522;496;570;568;538;566;569;594;509;554;516;541;549;552;591;608;
3064000;"Powiat m.Poznań";5551;5618;5554;5280;5534;5568;5678;5515;5634;5396;5678;5772;5560;5817;5616;5632;5864;
3200000;"ZACHODNIOPOMORSKIE";14837;14904;15249;15267;15657;15818;16321;16371;16529;16149;16496;16986;16279;17266;17047;17788;18557;
3201000;"Powiat białogardzki";431;471;490;469;479;484;514;496;483;470;476;514;528;504;500;515;506;
3202000;"Powiat choszczeński";444;447;486;424;474;453;502;534;513;498;505;511;490;495;507;530;504;
3203000;"Powiat drawski";496;495;495;563;535;558;600;547;585;532;519;623;576;603;569;606;620;
3204000;"Powiat goleniowski";642;656;675;668;678;699;713;711;749;752;737;750;757;798;783;779;864;
3205000;"Powiat gryficki";566;554;545;555;567;594;632;583;632;643;589;638;563;624;596;658;660;
3206000;"Powiat gryfiński";707;736;741;721;705;699;744;759;828;771;736;898;765;803;731;820;906;
3207000;"Powiat kamieński";440;470;450;471;465;387;468;519;485;474;509;490;499;500;498;464;471;
3208000;"Powiat kołobrzeski";601;571;590;598;587;641;696;668;690;687;701;714;715;747;788;801;842;
3209000;"Powiat koszaliński";508;534;556;557;589;590;561;604;623;565;595;581;585;598;599;631;694;
3210000;"Powiat myśliborski";646;632;644;583;652;608;713;660;659;631;632;725;644;704;709;718;739;
3211000;"Powiat policki";387;403;375;405;409;444;422;463;432;474;477;463;483;505;505;510;578;
3212000;"Powiat pyrzycki";359;315;393;355;381;368;393;393;396;408;430;400;393;416;422;443;466;
3213000;"Powiat sławieński";504;514;540;528;556;541;513;557;546;575;525;568;543;631;565;574;590;
3214000;"Powiat stargardzki";977;953;957;1030;1020;1072;1101;1108;1115;1089;1128;1101;1097;1130;1149;1244;1204;
3215000;"Powiat szczecinecki";701;692;687;748;789;775;827;802;802;782;784;743;717;764;802;803;809;
3216000;"Powiat świdwiński";441;427;486;470;490;459;483;459;571;466;540;541;471;528;557;537;508;
3217000;"Powiat wałecki";483;505;493;517;527;517;522;501;530;478;571;553;547;527;530;550;549;
3218000;"Powiat łobeski";363;391;408;390;392;374;389;411;408;402;414;431;395;417;365;396;458;
3261000;"Powiat m.Koszalin";805;836;877;906;878;917;969;892;937;925;997;1043;966;1069;1108;1117;1104;
3262000;"Powiat m.Szczecin";3988;3952;4031;3947;4094;4264;4190;4337;4155;4136;4231;4262;4148;4440;4281;4607;4956;
3263000;"Powiat m.Świnoujście";348;350;330;362;390;374;369;367;390;391;400;437;397;463;483;485;529;
